tag,n,acc
age_unknown,1318,0.23596358
body_part,20000,0.51485
bright,1272,0.5220126
dark,3361,0.50193393
depiction,754,0.7692308
far,943,0.30752915
gender_unknown,1727,0.22003475
medium_distance,2400,0.21708333
middle_age,2348,0.2517036
near,5946,0.20702994
non-person_depiction,378,0.7910053
non-person_non-depiction,9275,0.8109973
normal_lighting,15367,0.51708204
older,102,0.15686275
person_depiction,376,0.74734044
predominantly_female,801,0.2596754
predominantly_male,1372,0.22303207
young,331,0.17522658
