tag,n,acc
age_unknown,1318,0.952959
body_part,20000,0.52275
bright,1272,0.4418239
dark,3361,0.5650104
depiction,754,0.042440318
far,943,0.95652175
gender_unknown,1727,0.92588305
medium_distance,2400,0.9504167
middle_age,2348,0.9165247
near,5946,0.91052806
non-person_depiction,378,0.055555556
non-person_non-depiction,9275,0.1271159
normal_lighting,15367,0.5202056
older,102,0.8627451
person_depiction,376,0.02925532
predominantly_female,801,0.88014984
predominantly_male,1372,0.9293003
young,331,0.8036254
